<?xml version="1.0" encoding="UTF-8"?>
<root>
  <item name="net.ralphpina.permissionsmanager.PermissionsManager boolean isCoarseLocationGranted()">
    <annotation name="android.support.annotation.VisibleForTesting" />
  </item>
  <item name="net.ralphpina.permissionsmanager.PermissionsManager boolean isFineLocationGranted()">
    <annotation name="android.support.annotation.VisibleForTesting" />
  </item>
  <item name="net.ralphpina.permissionsmanager.PermissionsManager boolean shouldShowAudioRecordingRationale(android.support.v4.app.Fragment)">
    <annotation name="android.support.annotation.VisibleForTesting" />
  </item>
  <item name="net.ralphpina.permissionsmanager.PermissionsManager boolean shouldShowCalendarRationale(android.support.v4.app.Fragment)">
    <annotation name="android.support.annotation.VisibleForTesting" />
  </item>
  <item name="net.ralphpina.permissionsmanager.PermissionsManager boolean shouldShowCallingRationale(android.support.v4.app.Fragment)">
    <annotation name="android.support.annotation.VisibleForTesting" />
  </item>
  <item name="net.ralphpina.permissionsmanager.PermissionsManager boolean shouldShowCameraRationale(android.support.v4.app.Fragment)">
    <annotation name="android.support.annotation.VisibleForTesting" />
  </item>
  <item name="net.ralphpina.permissionsmanager.PermissionsManager boolean shouldShowContactsRationale(android.support.v4.app.Fragment)">
    <annotation name="android.support.annotation.VisibleForTesting" />
  </item>
  <item name="net.ralphpina.permissionsmanager.PermissionsManager boolean shouldShowLocationRationale(android.support.v4.app.Fragment)">
    <annotation name="android.support.annotation.VisibleForTesting" />
  </item>
  <item name="net.ralphpina.permissionsmanager.PermissionsManager boolean shouldShowRequestStorageRationale(android.support.v4.app.Fragment)">
    <annotation name="android.support.annotation.VisibleForTesting" />
  </item>
  <item name="net.ralphpina.permissionsmanager.PermissionsManager net.ralphpina.permissionsmanager.MockSystemPermissions getMockSystemPermissions()">
    <annotation name="android.support.annotation.VisibleForTesting" />
  </item>
  <item name="net.ralphpina.permissionsmanager.PermissionsManager void clearDb()">
    <annotation name="android.support.annotation.VisibleForTesting" />
  </item>
  <item name="net.ralphpina.permissionsmanager.PermissionsManager void injectMockSystemPermissions()">
    <annotation name="android.support.annotation.VisibleForTesting" />
  </item>
</root>

